2462744,2,Skinix,,438,2025-01-30 15:35:00'
4252844,5,Mydeo,,3488,2025-01-30 15:36:00'
7396381,7,Jaloo,,3562,2025-01-30 15:37:00'
9912663,8,Topicstorm,,1712,2025-01-30 15:38:00'
5577594,11,Skalith,,1566,2025-01-30 15:39:00'
4243424,12,Yakidoo,8681.98,,2025-01-31 15:06:00'
7175797,15,Trudeo,,3081,2025-01-31 15:06:00'
7001228,18,Zava,17137.46,,2025-01-31 15:06:00'
5393887,20,Myworks,18667.1,,2025-01-31 15:06:00'
7307488,21,Photolist,15261.01,,2025-01-31 15:06:00'
9700330,22,Devify,19769,,2025-01-31 15:06:00'
8998465,23,Dynava,,846,2025-01-31 15:06:00'
9836904,33,Photolist,,3308,2025-01-31 15:06:00'
6207692,34,Demimbu,,3958,2025-01-31 15:06:00'
4115669,37,Meetz,304.66,,2025-01-31 15:06:00'
2998559,39,Youfeed,,830,2025-01-31 15:06:00'
9549270,40,Skalith,1402.34,,2025-01-31 15:06:00'
9705329,41,Realcube,,3244,2025-01-31 15:06:00'
8704811,42,Topiclounge,,1871,2025-01-31 15:06:00'
5369335,45,Tambee,,1548,2025-01-31 15:06:00'
6327312,46,Realfire,,2543,2025-01-31 15:06:00'
4737529,47,Divape,,3189,2025-01-31 15:06:00'
3791891,49,Flashspan,,3403,2025-01-31 15:06:00'
9327434,50,Abata,13893.16,,2025-01-31 15:06:00'
3782941,51,Kimia,,1473,2025-01-31 15:06:00'
8264648,53,Nlounge,,703,2025-01-31 15:06:00'
3009671,54,Oyope,,2589,2025-01-31 15:06:00'
8522493,57,Linkbridge,,4807,2025-01-31 15:06:00'
7876733,58,Thoughtstorm,6233.8,,2025-01-31 15:06:00'
9724902,60,Skinder,1180.76,,2025-01-31 15:06:00'
2744700,62,Eabox,12718.57,,2025-01-31 15:06:00'
5904876,63,Zava,,3077,2025-01-31 15:06:00'
5512686,64,Blogtags,,822,2025-01-31 15:06:00'
6960645,66,Edgeify,,911,2025-01-31 15:06:00'
7259362,68,Viva,19190.64,,2025-01-31 15:06:00'
3594861,72,Yakitri,,4704,2025-01-31 15:06:00'
2602165,74,Reallinks,,4404,2025-01-31 15:06:00'
7014159,75,Wikivu,,44,2025-01-31 15:06:00'
1580174,76,Yodel,,2828,2025-01-31 15:06:00'
7057055,77,Oyoyo,,3637,2025-01-31 15:06:00'
1280775,79,Avamba,,2479,2025-01-31 15:06:00'
4960829,80,Flipstorm,,2967,2025-01-31 15:06:00'
2795139,81,Voolia,,899,2025-01-31 15:06:00'
8815320,83,Thoughtbeat,,1589,2025-01-31 15:06:00'
7615027,84,Tazz,,3582,2025-01-31 15:06:00'
2716442,85,Meezzy,11979.53,,2025-01-31 15:06:00'
9264649,88,Jabbercube,6575.24,,2025-01-31 15:06:00'
5988145,89,Blogspan,,629,2025-01-31 15:06:00'
6702631,91,Oyonder,18341.23,,2025-01-31 15:06:00'
5702283,93,Katz,,4538,2025-01-31 15:06:00'
2103095,94,Edgeclub,,4733,2025-01-31 15:06:00'
5093608,95,Myworks,3290.52,,2025-01-31 15:06:00'
5194550,96,Zoombox,,4974,2025-01-31 15:06:00'
4669597,98,Photolist,,3097,2025-01-31 15:06:00'
1782397,99,Rhybox,,3830,2025-01-31 15:06:00'
6223616,102,Aivee,,460,2025-01-31 15:06:00'
6133052,104,Wordware,,4541,2025-01-31 15:06:00'
8267472,106,Snaptags,,2005,2025-01-31 15:06:00'
5940831,107,Photojam,,2689,2025-01-31 15:06:00'
8909864,110,Yombu,,3644,2025-01-31 15:06:00'
4560756,111,Podcat,2489.66,,2025-01-31 15:06:00'
2650507,112,Buzzster,,4849,2025-01-31 15:06:00'
3350665,114,Eamia,,4049,2025-01-31 15:06:00'
2371891,116,Linkbuzz,22222.4,,2025-01-31 15:06:00'
8290253,117,Divanoodle,,3441,2025-01-31 15:06:00'
3858879,118,Gabspot,,3513,2025-01-31 15:06:00'
7872945,119,Nlounge,,4310,2025-01-31 15:06:00'
3611046,120,Chatterpoint,,2478,2025-01-31 15:06:00'
5627351,123,Skiba,,3562,2025-01-31 15:06:00'
6424946,125,Centimia,12761.93,,2025-01-31 15:06:00'
4647648,130,Dynazzy,,615,2025-01-31 15:06:00'
7873481,132,Eazzy,16476.18,,2025-01-31 15:06:00'
9272240,133,Blogtags,17654.79,,2025-01-31 15:06:00'
8702834,134,Photobug,,3493,2025-01-31 15:06:00'
7359754,135,Zooxo,,1068,2025-01-31 15:06:00'
5059709,138,Brightdog,,129,2025-01-31 15:06:00'
6842865,143,Browsebug,,315,2025-01-31 15:06:00'
9767537,144,Minyx,,4674,2025-01-31 15:06:00'
7817751,146,Vitz,,4216,2025-01-31 15:06:00'
1211588,149,Linktype,,3720,2025-01-31 15:06:00'
7350563,150,Tagpad,,3558,2025-01-31 15:06:00'
7715076,151,Bubblemix,,3435,2025-01-31 15:06:00'
1648069,152,Jaxnation,9599.9,,2025-01-31 15:06:00'
1276637,153,Izio,,1325,2025-01-31 15:06:00'
8503482,154,Mynte,,268,2025-01-31 15:06:00'
3038363,155,Fivechat,,3637,2025-01-31 15:06:00'
7878878,158,Kwilith,,481,2025-01-31 15:06:00'
5943015,159,Avavee,,1118,2025-01-31 15:06:00'
5025411,160,Riffpath,5217.79,,2025-01-31 15:06:00'
9835992,161,Fliptune,,1005,2025-01-31 15:06:00'
7754891,164,Photospace,,3134,2025-01-31 15:06:00'
3565817,165,Jetwire,,164,2025-01-31 15:06:00'
5357304,167,Fliptune,,2775,2025-01-31 15:06:00'
6750265,168,Photojam,,607,2025-01-31 15:06:00'
8601106,169,Topicware,,2480,2025-01-31 15:06:00'
3656238,170,Bluezoom,,1119,2025-01-31 15:06:00'
6179861,171,Jabbercube,,3981,2025-01-31 15:06:00'
9786667,173,Meeveo,,2262,2025-01-31 15:06:00'
7584590,175,Quinu,,767,2025-01-31 15:06:00'
5575377,178,JumpXS,5441.98,,2025-01-31 15:06:00'
8396861,179,Realpoint,9521.04,,2025-01-31 15:06:00'
8911889,180,Skyba,,2671,2025-01-31 15:06:00'
9537013,182,Photolist,22922.71,,2025-01-31 15:06:00'
7629634,184,Tavu,3860.19,,2025-01-31 15:06:00'
5568174,185,Thoughtbridge,,1575,2025-01-31 15:06:00'
7633774,186,Rhynoodle,,47,2025-01-31 15:06:00'
1268865,187,Gigazoom,,575,2025-01-31 15:06:00'
5812968,188,Oyoloo,16656.46,,2025-01-31 15:06:00'
1460017,191,Tagpad,,4545,2025-01-31 15:06:00'
9593135,194,Edgeify,,1559,2025-01-31 15:06:00'
3401431,195,Photolist,,4662,2025-01-31 15:06:00'
1988467,197,Realmix,,1335,2025-01-31 15:06:00'
8904752,198,Izio,,2199,2025-01-31 15:06:00'
6598116,199,Janyx,,3210,2025-01-31 15:06:00'
2014418,202,Avavee,,3082,2025-01-31 15:06:00'
2437078,204,Yacero,15068.06,,2025-01-31 15:06:00'
5800980,206,Trupe,10815.87,,2025-01-31 15:06:00'
4363582,212,Shufflebeat,,1076,2025-01-31 15:06:00'
4386848,215,Mynte,,419,2025-01-31 15:06:00'
7405332,216,Skipstorm,,374,2025-01-31 15:06:00'
6966710,217,Skiptube,,3929,2025-01-31 15:06:00'
8592960,218,Jazzy,,181,2025-01-31 15:06:00'
7687960,221,Yozio,17603.88,,2025-01-31 15:06:00'
3697100,222,Nlounge,,834,2025-01-31 15:06:00'
2105819,223,Roombo,,3184,2025-01-31 15:06:00'
8054625,224,Bubblemix,9940.17,,2025-01-31 15:06:00'
7652573,225,Zoonder,,4182,2025-01-31 15:06:00'
9745967,227,Zoomdog,,2457,2025-01-31 15:06:00'
7913478,230,Flashdog,12193.14,,2025-01-31 15:06:00'
7326181,231,Ozu,,945,2025-01-31 15:06:00'
3667596,232,Jabbersphere,,210,2025-01-31 15:06:00'
6831003,234,Meedoo,,366,2025-01-31 15:06:00'
5039489,238,Quatz,,4238,2025-01-31 15:06:00'
5097067,241,Eamia,12950.71,,2025-01-31 15:06:00'
3977036,242,Meejo,,3507,2025-01-31 15:06:00'
2272007,245,Brainbox,,1599,2025-01-31 15:06:00'
6951882,247,Shuffletag,,2197,2025-01-31 15:06:00'
7868043,249,Katz,,3084,2025-01-31 15:06:00'
8985368,250,Feedbug,,1760,2025-01-31 15:06:00'
7735827,252,Eidel,4897,,2025-01-31 15:06:00'
3657380,253,Camido,4128.23,,2025-01-31 15:06:00'
7475362,254,Kwimbee,22140.66,,2025-01-31 15:06:00'
8171077,256,Jaxworks,,3499,2025-01-31 15:06:00'
6868938,259,Avamba,,3492,2025-01-31 15:06:00'
9083582,264,Yakijo,2903.71,,2025-01-31 15:06:00'
9727497,265,Yacero,,3758,2025-01-31 15:06:00'
5195965,267,DabZ,3194.11,,2025-01-31 15:06:00'
5925615,271,Skipfire,6594.09,,2025-01-31 15:06:00'
6564509,272,Brightdog,,240,2025-01-31 15:06:00'
4043082,273,Thoughtstorm,,513,2025-01-31 15:06:00'
5521996,277,Quimm,,4913,2025-01-31 15:06:00'
6580079,282,Avavee,,3111,2025-01-31 15:06:00'
2090609,285,Roodel,,2306,2025-01-31 15:06:00'
6676129,287,Rhybox,19519.63,,2025-01-31 15:06:00'
7606181,288,Realblab,,1771,2025-01-31 15:06:00'
2472991,291,Jetpulse,,2508,2025-01-31 15:06:00'
5259835,292,Jazzy,,4267,2025-01-31 15:06:00'
9492284,293,Divape,,803,2025-01-31 15:06:00'
1066606,294,Jabbersphere,,4007,2025-01-31 15:06:00'
1490459,295,Realcube,,481,2025-01-31 15:06:00'
8388741,298,Flashdog,,414,2025-01-31 15:06:00'
7231960,299,Trilith,,3486,2025-01-31 15:06:00'
5838335,300,Demizz,,1643,2025-01-31 15:06:00'
4142313,302,Eare,,1717,2025-01-31 15:06:00'
7345559,303,Meevee,5203.44,,2025-01-31 15:06:00'
3134129,304,Shuffledrive,20855.79,,2025-01-31 15:06:00'
1999738,305,Quinu,,1880,2025-01-31 15:06:00'
8286684,309,Skinix,,3884,2025-01-31 15:06:00'
4924322,310,Flipbug,2509.06,,2025-01-31 15:06:00'
5737969,311,Flashspan,,4554,2025-01-31 15:06:00'
4751460,313,Fanoodle,,3796,2025-01-31 15:06:00'
4628352,314,Tazz,23333.78,,2025-01-31 15:06:00'
6680411,316,Tagopia,,1392,2025-01-31 15:06:00'
3030300,320,Mymm,,2160,2025-01-31 15:06:00'
5692146,322,Dazzlesphere,,1029,2025-01-31 15:06:00'
9116021,323,Nlounge,,4195,2025-01-31 15:06:00'
5496507,324,Kanoodle,1712.32,,2025-01-31 15:06:00'
9058308,325,Youtags,,4327,2025-01-31 15:06:00'
3971325,329,Twimbo,,729,2025-01-31 15:06:00'
1389964,331,Dabvine,,4704,2025-01-31 15:06:00'
3004217,334,Browsebug,,845,2025-01-31 15:06:00'
1065006,335,Voonder,543.53,,2025-01-31 15:06:00'
1078628,337,Mydo,3569.5,,2025-01-31 15:06:00'
5859791,339,Eayo,,4975,2025-01-31 15:06:00'
4264102,344,Oodoo,,1014,2025-01-31 15:06:00'
5537348,345,Aivee,,112,2025-01-31 15:06:00'
1753822,346,Eare,,3861,2025-01-31 15:06:00'
5445059,351,Zooveo,388.24,,2025-01-31 15:06:00'
4821469,352,Voomm,,69,2025-01-31 15:06:00'
1652823,354,Demizz,,3125,2025-01-31 15:06:00'
6635099,355,Quimba,,4082,2025-01-31 15:06:00'
3241874,356,Nlounge,,661,2025-01-31 15:06:00'
6667366,359,Photobug,,3633,2025-01-31 15:06:00'
7499493,362,Quaxo,,1574,2025-01-31 15:06:00'
6759435,364,Flashpoint,458.15,,2025-01-31 15:06:00'
6766883,368,Wordify,3530.65,,2025-01-31 15:06:00'
7820743,369,Twitterwire,,2787,2025-01-31 15:06:00'
8606613,370,Jamia,,3056,2025-01-31 15:06:00'
3253758,371,Aimbu,,4585,2025-01-31 15:06:00'
8020453,372,Jayo,,2033,2025-01-31 15:06:00'
6073748,375,Dabjam,,4832,2025-01-31 15:06:00'
3813392,378,InnoZ,23806.91,,2025-01-31 15:06:00'
3109229,380,Gabvine,,1895,2025-01-31 15:06:00'
8001556,381,Blogspan,,1014,2025-01-31 15:06:00'
7987690,383,Twimbo,,3833,2025-01-31 15:06:00'
7663041,385,Eare,,225,2025-01-31 15:06:00'
8508898,386,Youbridge,,4453,2025-01-31 15:06:00'
2352997,387,JumpXS,12131,,2025-01-31 15:06:00'
2010750,388,Flipbug,,72,2025-01-31 15:06:00'
4961234,393,Zooxo,10412.82,,2025-01-31 15:06:00'
7780739,395,Tagopia,22266.07,,2025-01-31 15:06:00'
2210479,396,Latz,17854.63,,2025-01-31 15:06:00'
8944047,400,Quinu,6554.76,,2025-01-31 15:06:00'
6294758,401,Voonyx,,3187,2025-01-31 15:06:00'
6292045,403,Devcast,,1673,2025-01-31 15:06:00'
3641030,404,Fivebridge,,2106,2025-01-31 15:06:00'
5660243,405,Vidoo,8036.88,,2025-01-31 15:06:00'
7372062,407,Wordpedia,,2971,2025-01-31 15:06:00'
5012651,410,Brightdog,,175,2025-01-31 15:06:00'
7460397,412,Riffpath,,2042,2025-01-31 15:06:00'
2932469,413,Skiptube,23777,,2025-01-31 15:06:00'
4808068,415,Abatz,16925.13,,2025-01-31 15:06:00'
2405252,416,Kwinu,24026.1,,2025-01-31 15:06:00'
8842778,419,Kayveo,23531.89,,2025-01-31 15:06:00'
2608700,420,Riffpedia,,1594,2025-01-31 15:06:00'
7344281,425,Eidel,18855.18,,2025-01-31 15:06:00'
8818998,427,Cogidoo,,4485,2025-01-31 15:06:00'
8482030,429,Jabberstorm,,2760,2025-01-31 15:06:00'
4051026,430,Quatz,,4915,2025-01-31 15:06:00'
9798967,431,Realbridge,13264.2,,2025-01-31 15:06:00'
9501001,432,Blogtags,,2961,2025-01-31 15:06:00'
6027811,435,Devpoint,1576.72,,2025-01-31 15:06:00'
7572783,436,Twimbo,5783.4,,2025-01-31 15:06:00'
2025442,437,Trilia,,4489,2025-01-31 15:06:00'
6498623,438,Aibox,,3931,2025-01-31 15:06:00'
1580341,442,Twiyo,4521.07,,2025-01-31 15:06:00'
2840344,443,Skinte,,1674,2025-01-31 15:06:00'
3069371,444,Tekfly,,4635,2025-01-31 15:06:00'
8234128,446,Voolith,,4815,2025-01-31 15:06:00'
8417717,447,Avamba,,236,2025-01-31 15:06:00'
5108170,451,Myworks,3614.68,,2025-01-31 15:06:00'
1983332,452,Cogidoo,,1570,2025-01-31 15:06:00'
7632481,454,Ooba,24746.62,,2025-01-31 15:06:00'
1347779,457,Realbuzz,,1852,2025-01-31 15:06:00'
8582203,458,Quamba,,560,2025-01-31 15:06:00'
8570659,459,Avavee,16333.2,,2025-01-31 15:06:00'
2337030,460,Plambee,11180.67,,2025-01-31 15:06:00'
3544839,462,Yakidoo,,1960,2025-01-31 15:06:00'
7593458,464,Skibox,,3961,2025-01-31 15:06:00'
4680869,465,Dynava,,4775,2025-01-31 15:06:00'
5999254,468,Topiczoom,,3712,2025-01-31 15:06:00'
9056526,471,Mydeo,4537.62,,2025-01-31 15:06:00'
3229824,472,Jayo,,2274,2025-01-31 15:06:00'
4909572,473,Skynoodle,17940.07,,2025-01-31 15:06:00'
9796684,483,Thoughtsphere,10551.46,,2025-01-31 15:06:00'
1308298,484,Wordware,,496,2025-01-31 15:06:00'
5482847,486,Meemm,,1269,2025-01-31 15:06:00'
3064763,487,Eire,14756.92,,2025-01-31 15:06:00'
6196413,488,Photospace,,1500,2025-01-31 15:06:00'
7884114,489,Tekfly,13992.77,,2025-01-31 15:06:00'
1056301,494,Eazzy,,1328,2025-01-31 15:06:00'
5601055,499,Yabox,21594.26,,2025-01-31 15:06:00'
3667900,500,Devify,,4278,2025-01-31 15:06:00'
4222117,502,Lazzy,10035.49,,2025-01-31 15:06:00'
7659242,505,Zoomlounge,,847,2025-01-31 15:06:00'
7343456,510,Meemm,,445,2025-01-31 15:06:00'
6512834,512,Skipstorm,,4185,2025-01-31 15:06:00'
5632998,515,Voomm,,4322,2025-01-31 15:06:00'
4053395,519,Youopia,,4906,2025-01-31 15:06:00'
5899764,522,Twitterworks,20586.49,,2025-01-31 15:06:00'
1672784,526,Tavu,,2777,2025-01-31 15:06:00'
9084437,527,Meejo,,2491,2025-01-31 15:06:00'
8748238,530,Yamia,,3274,2025-01-31 15:06:00'
4180897,532,Livetube,20486.66,,2025-01-31 15:06:00'
1347695,533,Oyoba,,1584,2025-01-31 15:06:00'
9808339,534,Topicware,,3220,2025-01-31 15:06:00'
9703891,535,Youfeed,,1269,2025-01-31 15:06:00'
3878481,537,Zoombeat,,738,2025-01-31 15:06:00'
4826046,539,Mynte,,1269,2025-01-31 15:06:00'
5801604,542,Babbleblab,2818.65,,2025-01-31 15:06:00'
2667307,543,Shuffletag,5662.65,,2025-01-31 15:06:00'
5896166,544,Wordware,,2864,2025-01-31 15:06:00'
8352835,545,Zoonoodle,22933.68,,2025-01-31 15:06:00'
7083278,548,Feednation,,1149,2025-01-31 15:06:00'
3047962,550,Trilith,,1208,2025-01-31 15:06:00'
5014103,552,Trudeo,6711.12,,2025-01-31 15:06:00'
9964767,556,Tagchat,,230,2025-01-31 15:06:00'
9951796,558,Flashspan,,1455,2025-01-31 15:06:00'
4765349,561,Jetwire,14371.36,,2025-01-31 15:06:00'
2423074,562,Skalith,,3564,2025-01-31 15:06:00'
9104846,564,Skilith,5221.01,,2025-01-31 15:06:00'
4083520,565,Zooveo,2967.69,,2025-01-31 15:06:00'
6327553,569,Riffwire,,1208,2025-01-31 15:06:00'
7871108,572,Aibox,,2107,2025-01-31 15:06:00'
6037987,573,Buzzshare,,48,2025-01-31 15:06:00'
5064972,578,Demimbu,,4454,2025-01-31 15:06:00'
4273112,580,Npath,,1777,2025-01-31 15:06:00'
8184574,581,Blognation,,718,2025-01-31 15:06:00'
1905548,586,Blogpad,,2840,2025-01-31 15:06:00'
7704195,587,Dabfeed,,2770,2025-01-31 15:06:00'
5022445,588,Skinix,,2827,2025-01-31 15:06:00'
6533710,589,Yoveo,,3317,2025-01-31 15:06:00'
9132938,592,Rhyzio,598.67,,2025-01-31 15:06:00'
1109466,593,Realfire,,2223,2025-01-31 15:06:00'
2155908,594,Edgeclub,,2251,2025-01-31 15:06:00'
3169114,596,Eamia,,1685,2025-01-31 15:06:00'
5331091,597,Innotype,,4060,2025-01-31 15:06:00'
9484817,598,Voolith,20708.68,,2025-01-31 15:06:00'
9941439,599,Browsetype,15375.07,,2025-01-31 15:06:00'
5255885,600,Livepath,,3121,2025-01-31 15:06:00'
2661920,602,Meevee,7913.57,,2025-01-31 15:06:00'
5174998,603,Ntag,,1919,2025-01-31 15:06:00'
5832733,604,Vinder,,4507,2025-01-31 15:06:00'
1946164,605,Podcat,9809.27,,2025-01-31 15:06:00'
8684433,610,Gevee,,3721,2025-01-31 15:06:00'
8985296,612,Wordify,,156,2025-01-31 15:06:00'
5362325,614,Rhycero,20007.17,,2025-01-31 15:06:00'
3830991,615,Eimbee,,1843,2025-01-31 15:06:00'
2425517,616,Minyx,,324,2025-01-31 15:06:00'
8486812,618,Fadeo,,3593,2025-01-31 15:06:00'
3332914,620,Jabbercube,,2512,2025-01-31 15:06:00'
9993098,624,Edgewire,18399.06,,2025-01-31 15:06:00'
9218941,626,Yakijo,12083.72,,2025-01-31 15:06:00'
1292861,627,Gigazoom,,654,2025-01-31 15:06:00'
3509152,631,Skippad,,4471,2025-01-31 15:06:00'
9483652,633,Shufflester,,3498,2025-01-31 15:06:00'
6720510,634,Myworks,5069.5,,2025-01-31 15:06:00'
1144593,635,Rooxo,,4176,2025-01-31 15:06:00'
9347592,636,Viva,,2799,2025-01-31 15:06:00'
7843045,639,Yombu,,4224,2025-01-31 15:06:00'
4894166,640,Meejo,16729.42,,2025-01-31 15:06:00'
8465451,642,Ozu,,2516,2025-01-31 15:06:00'
2739255,644,Gabcube,,1895,2025-01-31 15:06:00'
3455998,646,Ntag,112.46,,2025-01-31 15:06:00'
2660489,647,Kazio,12850.14,,2025-01-31 15:06:00'
8379713,649,Browsecat,,3792,2025-01-31 15:06:00'
5059894,651,Eadel,22151.67,,2025-01-31 15:06:00'
4346309,654,Jabbertype,,3239,2025-01-31 15:06:00'
3571229,655,Jatri,,4753,2025-01-31 15:06:00'
2470906,657,Voonder,,760,2025-01-31 15:06:00'
8864940,660,BlogXS,3054.68,,2025-01-31 15:06:00'
2147923,661,Centidel,,1295,2025-01-31 15:06:00'
7821358,662,Thoughtsphere,16426.12,,2025-01-31 15:06:00'
1086485,666,Thoughtblab,,3996,2025-01-31 15:06:00'
1036214,667,Zoovu,,2612,2025-01-31 15:06:00'
1272756,668,Zoonder,23234.7,,2025-01-31 15:06:00'
6695296,669,Zoomzone,,3084,2025-01-31 15:06:00'
2144862,674,JumpXS,,2835,2025-01-31 15:06:00'
8150699,675,Cogilith,,4082,2025-01-31 15:06:00'
1428227,681,Centizu,,1935,2025-01-31 15:06:00'
6279210,682,Eadel,3061.56,,2025-01-31 15:06:00'
8045656,685,Vitz,10441.89,,2025-01-31 15:06:00'
4855101,689,Yamia,,4771,2025-01-31 15:06:00'
8787468,690,Zoozzy,,3387,2025-01-31 15:06:00'
7671636,693,Centimia,13611.57,,2025-01-31 15:06:00'
2511499,699,Devify,,1840,2025-01-31 15:06:00'
2887512,700,Eabox,14255.42,,2025-01-31 15:06:00'
5375792,701,Kaymbo,11338.99,,2025-01-31 15:06:00'
3254389,705,Divavu,,121,2025-01-31 15:06:00'
6491038,706,Zoombeat,,3618,2025-01-31 15:06:00'
1101219,707,Tagchat,,1681,2025-01-31 15:06:00'
9805766,713,Quinu,14962.9,,2025-01-31 15:06:00'
3696926,714,Miboo,,4592,2025-01-31 15:06:00'
8190771,715,Dynazzy,,1417,2025-01-31 15:06:00'
9813132,716,Skilith,,2645,2025-01-31 15:06:00'
5582810,717,Skippad,,4166,2025-01-31 15:06:00'
3970588,718,Blogtags,,3627,2025-01-31 15:06:00'
2640371,721,Wordtune,,4124,2025-01-31 15:06:00'
8113970,724,Jaxnation,,3308,2025-01-31 15:06:00'
9890906,727,Twitternation,,2068,2025-01-31 15:06:00'
2524540,728,Thoughtstorm,,4794,2025-01-31 15:06:00'
6741643,729,Yotz,,2167,2025-01-31 15:06:00'
1959751,730,Kimia,1195.4,,2025-01-31 15:06:00'
9064401,734,Bluezoom,5797.22,,2025-01-31 15:06:00'
2559077,736,Wordtune,,2057,2025-01-31 15:06:00'
7506791,740,Zoomcast,,1855,2025-01-31 15:06:00'
2030715,741,Demimbu,,1718,2025-01-31 15:06:00'
5090872,742,Yacero,2742.5,,2025-01-31 15:06:00'
4648348,744,Fivebridge,,939,2025-01-31 15:06:00'
3525462,745,Myworks,4643.49,,2025-01-31 15:06:00'
2930504,747,Eabox,,4562,2025-01-31 15:06:00'
4362446,749,Skibox,162.14,,2025-01-31 15:06:00'
9980211,755,Jaxspan,,1242,2025-01-31 15:06:00'
2476083,756,Quamba,,3628,2025-01-31 15:06:00'
2383735,757,Vipe,3114.97,,2025-01-31 15:06:00'
8377046,761,Photobean,21369.93,,2025-01-31 15:06:00'
7356946,763,Viva,,402,2025-01-31 15:06:00'
6734171,767,Twinder,,4042,2025-01-31 15:06:00'
8252548,768,Tanoodle,,3709,2025-01-31 15:06:00'
3834275,769,Agivu,,3077,2025-01-31 15:06:00'
2131884,770,Ailane,,1995,2025-01-31 15:06:00'
7600220,778,InnoZ,12916.91,,2025-01-31 15:06:00'
4868151,779,Skaboo,5437.17,,2025-01-31 15:06:00'
6687189,783,Zoovu,,1868,2025-01-31 15:06:00'
6230791,787,Rhyloo,5744.65,,2025-01-31 15:06:00'
7210055,788,Demivee,,1374,2025-01-31 15:06:00'
1870770,789,Yotz,,761,2025-01-31 15:06:00'
8140664,791,Yabox,,26,2025-01-31 15:06:00'
9637407,797,Voonte,,4653,2025-01-31 15:06:00'
7608725,799,Voonyx,,1467,2025-01-31 15:06:00'
5307848,803,Talane,,3856,2025-01-31 15:06:00'
4354298,805,Realblab,,1886,2025-01-31 15:06:00'
4213955,806,Jayo,23309.3,,2025-01-31 15:06:00'
9762508,808,Realpoint,9073.74,,2025-01-31 15:06:00'
3912323,810,Ailane,,4125,2025-01-31 15:06:00'
6721462,811,Yodoo,,124,2025-01-31 15:06:00'
1699300,814,Skivee,,408,2025-01-31 15:06:00'
7477079,815,Skajo,,270,2025-01-31 15:06:00'
9863883,816,Rhycero,,219,2025-01-31 15:06:00'
8978041,820,Skimia,,2134,2025-01-31 15:06:00'
3944756,821,Gigaclub,,39,2025-01-31 15:06:00'
8655176,823,Roomm,,4968,2025-01-31 15:06:00'
4202805,824,Ntag,9234.23,,2025-01-31 15:06:00'
5510860,826,Quire,,3534,2025-01-31 15:06:00'
9941694,829,Devshare,,556,2025-01-31 15:06:00'
5007599,831,Chatterbridge,,3791,2025-01-31 15:06:00'
6333504,837,Rhybox,,3152,2025-01-31 15:06:00'
3705826,841,Quamba,,1043,2025-01-31 15:06:00'
7121951,842,Flashset,,2409,2025-01-31 15:06:00'
8701799,844,Myworks,15633.65,,2025-01-31 15:06:00'
4786626,846,Snaptags,4586.42,,2025-01-31 15:06:00'
5022443,849,Yombu,15431.03,,2025-01-31 15:06:00'
1549670,850,Tagfeed,,4234,2025-01-31 15:06:00'
9427966,852,Brightbean,,831,2025-01-31 15:06:00'
2262746,856,Rhyloo,,2775,2025-01-31 15:06:00'
3553543,858,Myworks,,2360,2025-01-31 15:06:00'
8409622,860,Skilith,,3059,2025-01-31 15:06:00'
1606543,861,Innotype,,1075,2025-01-31 15:06:00'
4975494,865,Blognation,,3274,2025-01-31 15:06:00'
8052380,867,Linkbuzz,,3219,2025-01-31 15:06:00'
6195573,869,Jabberstorm,17894.37,,2025-01-31 15:06:00'
4649151,870,Jabbersphere,,4156,2025-01-31 15:06:00'
3278520,873,Shufflebeat,,1666,2025-01-31 15:06:00'
5920656,875,Zoomlounge,,3974,2025-01-31 15:06:00'
1581306,876,Skibox,1176.7,,2025-01-31 15:06:00'
3652001,881,Devpoint,2185.4,,2025-01-31 15:06:00'
8070005,884,Buzzshare,,2839,2025-01-31 15:06:00'
1499567,885,Flipopia,13359.35,,2025-01-31 15:06:00'
9955986,889,Oloo,,3141,2025-01-31 15:06:00'
7692951,891,Blognation,,1642,2025-01-31 15:06:00'
8365802,892,Katz,,2794,2025-01-31 15:06:00'
2237869,894,Feedspan,,1192,2025-01-31 15:06:00'
1753767,899,Oyoloo,,2973,2025-01-31 15:06:00'
7140531,902,Gabtune,4224.61,,2025-01-31 15:06:00'
2777280,904,Kwimbee,,1401,2025-01-31 15:06:00'
2057678,905,Yamia,,1577,2025-01-31 15:06:00'
9559037,906,Twinder,,4981,2025-01-31 15:06:00'
8916465,909,Quatz,9878.82,,2025-01-31 15:06:00'
7337533,911,Voolia,,2552,2025-01-31 15:06:00'
6840631,912,Quinu,,4122,2025-01-31 15:06:00'
4076236,914,Jaxbean,13539.11,,2025-01-31 15:06:00'
6805232,916,Gevee,,2216,2025-01-31 15:06:00'
6248065,917,Fatz,,1949,2025-01-31 15:06:00'
5147347,918,Skilith,,4066,2025-01-31 15:06:00'
8460954,921,Photolist,,1568,2025-01-31 15:06:00'
5785991,924,Devbug,,3396,2025-01-31 15:06:00'
9321171,926,Avamm,,2815,2025-01-31 15:06:00'
6399587,927,Lazzy,22814.96,,2025-01-31 15:06:00'
1171819,929,Gabtune,3095.09,,2025-01-31 15:06:00'
5350680,931,Skipstorm,,1293,2025-01-31 15:06:00'
8849281,934,Innojam,9423.51,,2025-01-31 15:06:00'
4443258,935,Yodel,,4271,2025-01-31 15:06:00'
8330974,936,Livetube,,1500,2025-01-31 15:06:00'
4682199,938,Quaxo,2640.87,,2025-01-31 15:06:00'
9686739,940,Meeveo,,3638,2025-01-31 15:06:00'
4822848,941,Skyba,,4331,2025-01-31 15:06:00'
8076683,942,Dabfeed,3966.88,,2025-01-31 15:06:00'
5258502,946,Kazu,,3328,2025-01-31 15:06:00'
3756489,948,Brightdog,,3635,2025-01-31 15:06:00'
6636775,951,Skyble,,1562,2025-01-31 15:06:00'
7092571,952,Feedbug,,424,2025-01-31 15:06:00'
1591465,954,Topicshots,14945.36,,2025-01-31 15:06:00'
7814620,955,Eimbee,10285.95,,2025-01-31 15:06:00'
7387195,958,Meeveo,,466,2025-01-31 15:06:00'
6500170,959,DabZ,,4551,2025-01-31 15:06:00'
6546827,963,Twitterlist,4490.3,,2025-01-31 15:06:00'
3304828,964,Eadel,,4900,2025-01-31 15:06:00'
7085401,965,Zooxo,,3229,2025-01-31 15:06:00'
7161524,968,Tagfeed,,2342,2025-01-31 15:06:00'
4373056,969,Blognation,18707.04,,2025-01-31 15:06:00'
5914442,973,Edgetag,,3844,2025-01-31 15:06:00'
8148033,975,Mymm,,4178,2025-01-31 15:06:00'
2832623,976,Kazu,,635,2025-01-31 15:06:00'
1380090,977,Skimia,16690.82,,2025-01-31 15:06:00'
8089479,979,Livefish,,2295,2025-01-31 15:06:00'
4358990,981,Devify,,2049,2025-01-31 15:06:00'
5666683,982,Demizz,,1009,2025-01-31 15:06:00'
6981060,983,Meemm,,4046,2025-01-31 15:06:00'
4469173,988,Muxo,7514.55,,2025-01-31 15:06:00'
8239680,989,Realcube,,4459,2025-01-31 15:06:00'
9266427,990,Yata,21157.09,,2025-01-31 15:06:00'
7028553,991,Buzzdog,10801.06,,2025-01-31 15:06:00'
7809888,992,Quatz,,3196,2025-01-31 15:06:00'
3529472,993,Browsetype,,1492,2025-01-31 15:06:00'
5450531,994,Innojam,,808,2025-01-31 15:06:00'
7420974,995,Bubbletube,,2924,2025-01-31 15:06:00'
9063776,996,Mydeo,,3477,2025-01-31 15:06:00'
6757842,997,Ailane,,1301,2025-01-31 15:06:00'
9376344,999,Trunyx,,2734,2025-01-31 15:06:00'
7784557,1000,Devcast,,429,2025-01-31 15:06:00'
5089652,2,Flashdog,,3202,2025-01-31 15:06:00'
9366309,5,Geba,7043.67,,2025-01-31 15:06:00'
9189217,7,Tanoodle,,4114,2025-01-31 15:06:00'
1280099,8,Lazzy,,1190,2025-01-31 15:06:00'
8561096,11,Twitterbridge,,1024,2025-01-31 15:06:00'
8244524,12,Fanoodle,,4982,2025-01-31 15:06:00'
5829919,15,Bubblebox,8818.6,,2025-01-31 15:06:00'
6567123,18,Eamia,,1001,2025-01-31 15:06:00'
5806568,20,Shuffledrive,,4278,2025-01-31 15:06:00'
4999805,21,Skyvu,4600.02,,2025-01-31 15:06:00'
5269486,22,Meembee,20664.06,,2025-01-31 15:06:00'
5170090,23,Fliptune,,995,2025-01-31 15:06:00'
3642891,33,Gigaclub,13743.28,,2025-01-31 15:06:00'
1190861,34,Photobug,,876,2025-01-31 15:06:00'
6798225,37,Blogspan,,1644,2025-01-31 15:06:00'
6003795,39,Demimbu,24629.8,,2025-01-31 15:06:00'
2661397,40,Jaxnation,,2927,2025-01-31 15:06:00'
3924679,41,Photolist,,4923,2025-01-31 15:06:00'
4252746,42,Realbuzz,,2726,2025-01-31 15:06:00'
6867005,45,InnoZ,,863,2025-01-31 15:06:00'
5144347,46,Yodel,4333.23,,2025-01-31 15:06:00'
2591199,47,Zoonoodle,,585,2025-01-31 15:06:00'
5195058,49,Dabjam,6224.47,,2025-01-31 15:06:00'
9540813,50,Skinte,14898.09,,2025-01-31 15:06:00'
2672333,51,Realpoint,,3935,2025-01-31 15:06:00'
8519911,53,Livepath,,558,2025-01-31 15:06:00'
2265616,54,Skipstorm,,3291,2025-01-31 15:06:00'
6662079,57,Centidel,,1374,2025-01-31 15:06:00'
1586994,58,Feedfire,14349.99,,2025-01-31 15:06:00'
6613908,60,Jabbercube,,1518,2025-01-31 15:06:00'
5731729,62,Jamia,,199,2025-01-31 15:06:00'
2320531,63,Wordtune,,245,2025-01-31 15:06:00'
3749119,64,Gabtype,11926.33,,2025-01-31 15:06:00'
9154963,66,Skibox,,2626,2025-01-31 15:06:00'
4477653,68,Trudoo,,375,2025-01-31 15:06:00'
9313091,72,Viva,,3458,2025-01-31 15:06:00'
1877994,74,BlogXS,15781.47,,2025-01-31 15:06:00'
2896380,75,Zoombox,,4601,2025-01-31 15:06:00'
9105225,76,Jazzy,,3333,2025-01-31 15:06:00'
8263594,77,Zoomlounge,2041.62,,2025-01-31 15:06:00'
5521126,79,Mydo,,732,2025-01-31 15:06:00'
9746718,80,Gigazoom,,987,2025-01-31 15:06:00'
5919913,81,Kwinu,,117,2025-01-31 15:06:00'
2007449,83,Tagcat,,629,2025-01-31 15:06:00'
8771028,84,Edgepulse,,3106,2025-01-31 15:06:00'
9193762,85,Youtags,,3874,2025-01-31 15:06:00'
7356247,88,Zoomzone,24940.24,,2025-01-31 15:06:00'
7361911,89,Trunyx,7905.01,,2025-01-31 15:06:00'
6665989,91,Livetube,,1445,2025-01-31 15:06:00'
9531014,93,Kanoodle,,2056,2025-01-31 15:06:00'
7571615,94,Avamm,,1447,2025-01-31 15:06:00'
7466752,95,Eabox,,4766,2025-01-31 15:06:00'
1786074,96,Roomm,,667,2025-01-31 15:06:00'
4572024,98,Izio,,150,2025-01-31 15:06:00'
6616715,99,Kazio,,4514,2025-01-31 15:06:00'
2462331,102,Yakijo,,1197,2025-01-31 15:06:00'
4097888,104,Photobean,,3334,2025-01-31 15:06:00'
6894947,106,Zoombeat,,2461,2025-01-31 15:06:00'
9827675,107,Vipe,8823.24,,2025-01-31 15:06:00'
2911818,110,Photobean,22013.15,,2025-01-31 15:06:00'
6965322,111,Katz,18966.09,,2025-01-31 15:06:00'
4782165,112,Browseblab,569.96,,2025-01-31 15:06:00'
8151064,114,Skipfire,,2059,2025-01-31 15:06:00'
8186330,116,Flipopia,,4386,2025-01-31 15:06:00'
2013484,117,Thoughtstorm,23519.18,,2025-01-31 15:06:00'
3674447,118,Avaveo,20667.4,,2025-01-31 15:06:00'
2013280,119,Youspan,18387.36,,2025-01-31 15:06:00'
5608572,120,Kimia,,2534,2025-01-31 15:06:00'
7342178,123,Thoughtmix,21461.96,,2025-01-31 15:06:00'
7705543,125,Trunyx,,835,2025-01-31 15:06:00'
4510381,130,Ailane,23289.38,,2025-01-31 15:06:00'
9604710,132,Trupe,,2911,2025-01-31 15:06:00'
9643239,133,Skilith,8175.21,,2025-01-31 15:06:00'
1123301,134,Cogidoo,,58,2025-01-31 15:06:00'
3268172,135,Meedoo,,881,2025-01-31 15:06:00'
4943099,138,Innojam,,2678,2025-01-31 15:06:00'
9371943,143,Zoombox,3447.01,,2025-01-31 15:06:00'
4067785,144,Twimbo,,790,2025-01-31 15:06:00'
6461860,146,Reallinks,22528.94,,2025-01-31 15:06:00'
2133708,149,Bluejam,,1183,2025-01-31 15:06:00'
3136776,150,Kwimbee,,2256,2025-01-31 15:06:00'
3462065,151,Quaxo,,96,2025-01-31 15:06:00'
7848139,152,Plambee,,4404,2025-01-31 15:06:00'
6639293,153,Photojam,11213.01,,2025-01-31 15:06:00'
1838012,154,Wikizz,,671,2025-01-31 15:06:00'
4695740,155,Mudo,,127,2025-01-31 15:06:00'
8990454,158,Avamm,,3811,2025-01-31 15:06:00'
5056302,159,Babblestorm,,3413,2025-01-31 15:06:00'
9043422,160,Twimbo,,2744,2025-01-31 15:06:00'
8263435,161,Trudeo,19837.64,,2025-01-31 15:06:00'
9914358,164,Realbridge,,230,2025-01-31 15:06:00'
5330051,165,Kwideo,,2200,2025-01-31 15:06:00'
6322562,167,Quamba,1206.46,,2025-01-31 15:06:00'
9102689,168,Voomm,,4684,2025-01-31 15:06:00'
7955233,169,Buzzster,,3150,2025-01-31 15:06:00'
6825624,170,Yotz,,4683,2025-01-31 15:06:00'
4815192,171,Zoozzy,771.45,,2025-01-31 15:06:00'
2080731,173,Tekfly,,3672,2025-01-31 15:06:00'
2710086,175,Fliptune,,2998,2025-01-31 15:06:00'
9782757,178,Tavu,16186.89,,2025-01-31 15:06:00'
9516917,179,Bluezoom,17272.11,,2025-01-31 15:06:00'
7933857,180,Rhynoodle,,851,2025-01-31 15:06:00'
8114655,182,InnoZ,,1217,2025-01-31 15:06:00'
7597514,184,Trilia,,4830,2025-01-31 15:06:00'
7525020,185,Dabvine,,3312,2025-01-31 15:06:00'
1070035,186,Livetube,,2320,2025-01-31 15:06:00'
4495086,187,Quatz,,2300,2025-01-31 15:06:00'
2285745,188,Zoomcast,,997,2025-01-31 15:06:00'
7991822,191,Browsebug,21104.64,,2025-01-31 15:06:00'
6335430,194,Talane,,1342,2025-01-31 15:06:00'
6577569,195,Devcast,9871.82,,2025-01-31 15:06:00'
3264237,197,Gabspot,,883,2025-01-31 15:06:00'
8770748,198,Trudeo,,2581,2025-01-31 15:06:00'
3436794,199,Bubblemix,,2787,2025-01-31 15:06:00'
9902709,202,Rhynyx,,500,2025-01-31 15:06:00'
9058432,204,Youspan,,3406,2025-01-31 15:06:00'
2268213,206,Rhyloo,10248.5,,2025-01-31 15:06:00'
9514236,212,Blogspan,,4305,2025-01-31 15:06:00'
4820755,215,Reallinks,,3089,2025-01-31 15:06:00'
4773630,216,Feedspan,3468.12,,2025-01-31 15:06:00'
8511311,217,Layo,11132.77,,2025-01-31 15:06:00'
6886383,218,Brainlounge,11445.6,,2025-01-31 15:06:00'
9571551,221,Dazzlesphere,,831,2025-01-31 15:06:00'
9048912,222,Vinte,,672,2025-01-31 15:06:00'
3026392,223,Skipfire,,4430,2025-01-31 15:06:00'
8482087,224,Roombo,14582.12,,2025-01-31 15:06:00'
9606414,225,Yozio,9693.37,,2025-01-31 15:06:00'
9312454,227,Rhyzio,9808.19,,2025-01-31 15:06:00'
8454187,230,Twinte,,963,2025-01-31 15:06:00'
9874997,231,Geba,,1591,2025-01-31 15:06:00'
4521952,232,Twitterbeat,,4963,2025-01-31 15:06:00'
9603287,234,Blognation,,2640,2025-01-31 15:06:00'
8910635,238,Einti,6551.72,,2025-01-31 15:06:00'
5098298,241,Trilia,21884.26,,2025-01-31 15:06:00'
7406448,242,Dabjam,,3996,2025-01-31 15:06:00'
3508865,245,Innotype,5571.56,,2025-01-31 15:06:00'
9090169,247,Realcube,,2332,2025-01-31 15:06:00'
2726028,249,Twitterbeat,,2329,2025-01-31 15:06:00'
7505556,250,Yoveo,,2885,2025-01-31 15:06:00'
1091929,252,Kayveo,,4401,2025-01-31 15:06:00'
3564431,253,Zooveo,21941.09,,2025-01-31 15:06:00'
9509415,254,Rhyloo,,2760,2025-01-31 15:06:00'
2318857,256,Innojam,,4143,2025-01-31 15:06:00'
6200161,259,Jayo,,1602,2025-01-31 15:06:00'
6698890,264,Oozz,,2668,2025-01-31 15:06:00'
8134689,265,Youopia,,3662,2025-01-31 15:06:00'
8745616,267,Ozu,,3495,2025-01-31 15:06:00'
4635564,271,Vidoo,,4405,2025-01-31 15:06:00'
4161314,272,Vidoo,15100.18,,2025-01-31 15:06:00'
6024192,273,Edgeify,,1545,2025-01-31 15:06:00'
1961360,277,Twimm,,1735,2025-01-31 15:06:00'
9890420,282,Jaxworks,,3977,2025-01-31 15:06:00'
7885027,285,Quinu,,2222,2025-01-31 15:06:00'
7876378,287,Flashpoint,,984,2025-01-31 15:06:00'
5267679,288,Linkbridge,,547,2025-01-31 15:06:00'
3618690,291,Riffwire,,786,2025-01-31 15:06:00'
7828643,292,Skimia,,2100,2025-01-31 15:06:00'
9934282,293,Podcat,10443.4,,2025-01-31 15:06:00'
8206317,294,Chatterpoint,,3495,2025-01-31 15:06:00'
2951788,295,Feedfish,,2916,2025-01-31 15:06:00'
6646897,298,Izio,,1250,2025-01-31 15:06:00'
8608635,299,Tazzy,20145.64,,2025-01-31 15:06:00'
9482008,300,Camido,24174.58,,2025-01-31 15:06:00'
4921066,302,Oba,17813.7,,2025-01-31 15:06:00'
2321877,303,Edgeclub,,3770,2025-01-31 15:06:00'
7230641,304,Babblestorm,18608.45,,2025-01-31 15:06:00'
7607513,305,Meevee,,3901,2025-01-31 15:06:00'
1735587,309,Voonix,,169,2025-01-31 15:06:00'
2226471,310,Photobean,,4657,2025-01-31 15:06:00'
8704101,311,Oyoyo,15310.33,,2025-01-31 15:06:00'
6362031,313,Pixope,,714,2025-01-31 15:06:00'
9660764,314,Oyoyo,,2490,2025-01-31 15:06:00'
1256307,316,Kazio,,1262,2025-01-31 15:06:00'
3250744,320,Agivu,19300.35,,2025-01-31 15:06:00'
3832963,322,Yadel,,219,2025-01-31 15:06:00'
8042302,323,Yotz,12413.06,,2025-01-31 15:06:00'
9606234,324,Skinte,19941.92,,2025-01-31 15:06:00'
9416664,325,Zoomcast,21551.18,,2025-01-31 15:06:00'
3339193,329,Devify,2385.99,,2025-01-31 15:06:00'
1901822,331,Innojam,,1910,2025-01-31 15:06:00'
9710732,334,Quimba,,509,2025-01-31 15:06:00'
4453803,335,Photolist,,924,2025-01-31 15:06:00'
7698056,337,Trudoo,4055.61,,2025-01-31 15:06:00'
1164377,339,Leexo,4058.27,,2025-01-31 15:06:00'
9954835,344,Livepath,4307.63,,2025-01-31 15:06:00'
3362547,345,Twitterbeat,,2963,2025-01-31 15:06:00'
7048880,346,Oyonder,16077.4,,2025-01-31 15:06:00'
7329994,351,Latz,,3313,2025-01-31 15:06:00'
8602241,352,Bluezoom,,1554,2025-01-31 15:06:00'
4683114,354,Skinix,,1353,2025-01-31 15:06:00'
5576461,355,Chatterbridge,,2350,2025-01-31 15:06:00'
4553145,356,Mydo,719.53,,2025-01-31 15:06:00'
3780138,359,Meevee,,49,2025-01-31 15:06:00'
4821986,362,Skivee,,566,2025-01-31 15:06:00'
9565198,364,Devbug,,837,2025-01-31 15:06:00'
2331500,368,Quamba,,3109,2025-01-31 15:06:00'
5871856,369,Twitterworks,,720,2025-01-31 15:06:00'
5886524,370,Centimia,17728.14,,2025-01-31 15:06:00'
1884530,371,Bluejam,,4786,2025-01-31 15:06:00'
4929925,372,Devpoint,23588.42,,2025-01-31 15:06:00'
8304261,375,Yotz,,2515,2025-01-31 15:06:00'
1029822,378,Yodo,15161.22,,2025-01-31 15:06:00'
2387732,380,Gabvine,,4755,2025-01-31 15:06:00'
1465927,381,Voonix,1802.29,,2025-01-31 15:06:00'
4223864,383,Avavee,,438,2025-01-31 15:06:00'
6220018,385,Quimm,,3216,2025-01-31 15:06:00'
1047785,386,Kanoodle,,3246,2025-01-31 15:06:00'
3039018,387,Gigashots,,4337,2025-01-31 15:06:00'
7691895,388,Mita,,1704,2025-01-31 15:06:00'
4743011,393,Twitterbeat,,738,2025-01-31 15:06:00'
6780281,395,Yakijo,,4128,2025-01-31 15:06:00'
9270982,396,Oodoo,,2699,2025-01-31 15:06:00'
6804188,400,Feedfish,,3947,2025-01-31 15:06:00'
5734846,401,Tagopia,,4225,2025-01-31 15:06:00'
3989313,403,Cogidoo,2655.72,,2025-01-31 15:06:00'
2116859,404,Buzzster,,521,2025-01-31 15:06:00'
9909230,405,Blogpad,,4869,2025-01-31 15:06:00'
2921355,407,Snaptags,2766.4,,2025-01-31 15:06:00'
4100759,410,Photobean,24020.13,,2025-01-31 15:06:00'
6281111,412,Agivu,,3747,2025-01-31 15:06:00'
5590026,413,Kwideo,,2732,2025-01-31 15:06:00'
6521823,415,Aimbu,,292,2025-01-31 15:06:00'
7942688,416,Yambee,3174.27,,2025-01-31 15:06:00'
5687431,419,Gigabox,,630,2025-01-31 15:06:00'
6369218,420,Realbuzz,,71,2025-01-31 15:06:00'
5648513,425,Devpulse,,1022,2025-01-31 15:06:00'
8783207,427,Gabcube,,3501,2025-01-31 15:06:00'
1641187,429,Meejo,,1497,2025-01-31 15:06:00'
6038680,430,Skippad,,3691,2025-01-31 15:06:00'
4229491,431,LiveZ,1009.04,,2025-01-31 15:06:00'
8379972,432,Jayo,2487.34,,2025-01-31 15:06:00'
9726379,435,Pixonyx,,1053,2025-01-31 15:06:00'
8951879,436,Browsedrive,18129.53,,2025-01-31 15:06:00'
1537565,437,Voonix,,953,2025-01-31 15:06:00'
3449693,438,Eare,5592.98,,2025-01-31 15:06:00'
5762056,442,Voonix,,645,2025-01-31 15:06:00'
4537042,443,Rhyzio,,4043,2025-01-31 15:06:00'
3999119,444,Plajo,,3852,2025-01-31 15:06:00'
8655620,446,JumpXS,,627,2025-01-31 15:06:00'
4006684,447,Linklinks,,3555,2025-01-31 15:06:00'
1751030,451,LiveZ,5374.96,,2025-01-31 15:06:00'
1154428,452,Izio,24707.17,,2025-01-31 15:06:00'
8842152,454,Dabshots,18493.49,,2025-01-31 15:06:00'
7206725,457,Quire,,2164,2025-01-31 15:06:00'
3218556,458,Jayo,15313.47,,2025-01-31 15:06:00'
2823504,459,Realbridge,22680.67,,2025-01-31 15:06:00'
7945328,460,Thoughtsphere,,3650,2025-01-31 15:06:00'
7119160,462,Livepath,,3653,2025-01-31 15:06:00'
8883275,464,Devify,22044.25,,2025-01-31 15:06:00'
7522112,465,Twimbo,11273.13,,2025-01-31 15:06:00'
6622404,468,Mydeo,21136.7,,2025-01-31 15:06:00'
9891166,471,Meeveo,,639,2025-01-31 15:06:00'
4341506,472,Yamia,,3984,2025-01-31 15:06:00'
6684948,473,Youfeed,,3701,2025-01-31 15:06:00'
8329978,483,Tagfeed,,4763,2025-01-31 15:06:00'
1790395,484,Yadel,,300,2025-01-31 15:06:00'
8948223,486,Snaptags,,4209,2025-01-31 15:06:00'
2040064,487,Tekfly,,4038,2025-01-31 15:06:00'
9248727,488,Zoonder,,13,2025-01-31 15:06:00'
9581621,489,Demizz,,2839,2025-01-31 15:06:00'
3146842,494,Topicstorm,,4558,2025-01-31 15:06:00'
1129052,499,Skinder,21802.08,,2025-01-31 15:06:00'
9679966,500,Fatz,,3334,2025-01-31 15:06:00'
5483568,502,Meedoo,,2650,2025-01-31 15:06:00'
8239733,505,Devify,,1814,2025-01-31 15:06:00'
5453367,510,Tambee,,1127,2025-01-31 15:06:00'
6899568,512,Realbridge,,4058,2025-01-31 15:06:00'
1418679,515,Mita,,1752,2025-01-31 15:06:00'
4914543,519,Eimbee,,1576,2025-01-31 15:06:00'
5611884,522,Thoughtstorm,,1529,2025-01-31 15:06:00'
8775448,526,Gabtune,3590.84,,2025-01-31 15:06:00'
6986193,527,Katz,7215.4,,2025-01-31 15:06:00'
2593294,530,Tavu,,4551,2025-01-31 15:06:00'
3785873,532,Blogtag,,2686,2025-01-31 15:06:00'
6126399,533,Skinder,,3453,2025-01-31 15:06:00'
2185926,534,Skivee,24878.41,,2025-01-31 15:06:00'
6332839,535,Omba,21043.33,,2025-01-31 15:06:00'
2861073,537,Aimbo,,4209,2025-01-31 15:06:00'
3901240,539,Photofeed,,686,2025-01-31 15:06:00'
8196925,542,Midel,,3084,2025-01-31 15:06:00'
9179874,543,Skyble,,614,2025-01-31 15:06:00'
5140613,544,Jazzy,,1019,2025-01-31 15:06:00'
4454763,545,Abata,,836,2025-01-31 15:06:00'
3026051,548,Leexo,,4368,2025-01-31 15:06:00'
8389987,550,Youspan,,1696,2025-01-31 15:06:00'
9507019,552,Youbridge,811.42,,2025-01-31 15:06:00'
5716647,556,Livefish,,4225,2025-01-31 15:06:00'
3063738,558,Quinu,10733.88,,2025-01-31 15:06:00'
9106232,561,Buzzdog,,4809,2025-01-31 15:06:00'
1941294,562,Skipfire,4991.21,,2025-01-31 15:06:00'
8663533,564,Topicstorm,,4595,2025-01-31 15:06:00'
4963075,565,Bubblebox,,1269,2025-01-31 15:06:00'
3292728,569,Skyndu,,4046,2025-01-31 15:06:00'
4107929,572,Viva,14046.62,,2025-01-31 15:06:00'
8638575,573,Ooba,7085.82,,2025-01-31 15:06:00'
9106620,578,Blogspan,24695.74,,2025-01-31 15:06:00'
2347752,580,Buzzster,,2035,2025-01-31 15:06:00'
8863737,581,Tagchat,11351.55,,2025-01-31 15:06:00'
6280485,586,Youspan,,3061,2025-01-31 15:06:00'
8052155,587,Roombo,10538.06,,2025-01-31 15:06:00'
9921939,588,Topdrive,,649,2025-01-31 15:06:00'
6724332,589,Vinte,,1344,2025-01-31 15:06:00'
1710660,592,Tambee,,1244,2025-01-31 15:06:00'
4555395,593,Gabtype,9697.22,,2025-01-31 15:06:00'
3682559,594,Oyonder,2819.94,,2025-01-31 15:06:00'
8983234,596,Voonix,,217,2025-01-31 15:06:00'
6486060,597,Skyba,,4153,2025-01-31 15:06:00'
6463219,598,Browsedrive,16050.63,,2025-01-31 15:06:00'
3334466,599,Eidel,2971.17,,2025-01-31 15:06:00'
8863686,600,Eabox,13109.8,,2025-01-31 15:06:00'
6167947,602,Jayo,,1990,2025-01-31 15:06:00'
9866701,603,Twimbo,6459.8,,2025-01-31 15:06:00'
7565352,604,Yodel,,239,2025-01-31 15:06:00'
2126395,605,Youspan,2872,,2025-01-31 15:06:00'
1040211,610,Reallinks,19488.41,,2025-01-31 15:06:00'
7708533,612,Zoovu,,2984,2025-01-31 15:06:00'
3934796,614,Dabjam,2146.8,,2025-01-31 15:06:00'
2137675,615,Meetz,12409.76,,2025-01-31 15:06:00'
3627510,616,Rhycero,,1359,2025-01-31 15:06:00'
7458702,618,Flashdog,6595.62,,2025-01-31 15:06:00'
2409483,620,Tazzy,,2000,2025-01-31 15:06:00'
2732864,624,Omba,24584.83,,2025-01-31 15:06:00'
7829260,626,Yabox,,1679,2025-01-31 15:06:00'
4972335,627,Aimbo,17603.26,,2025-01-31 15:06:00'
3801773,631,Kwilith,,1328,2025-01-31 15:06:00'
2891389,633,Jayo,9982.54,,2025-01-31 15:06:00'
6066339,634,Brainverse,10322.65,,2025-01-31 15:06:00'
9179588,635,Skyba,,2509,2025-01-31 15:06:00'
9013636,636,JumpXS,,1835,2025-01-31 15:06:00'
1804495,639,Meevee,,3155,2025-01-31 15:06:00'
8670698,640,Devpulse,6350.67,,2025-01-31 15:06:00'
8456468,642,Quatz,,4004,2025-01-31 15:06:00'
8646547,644,Tagtune,8137.73,,2025-01-31 15:06:00'
1539425,646,Blogtags,,1749,2025-01-31 15:06:00'
3906821,647,Centidel,22508.12,,2025-01-31 15:06:00'
7450441,649,Jaxnation,17020.28,,2025-01-31 15:06:00'
7537847,651,Skynoodle,,4212,2025-01-31 15:06:00'
2678630,654,Shuffledrive,,3682,2025-01-31 15:06:00'
8015845,655,InnoZ,,751,2025-01-31 15:06:00'
7403125,657,Bluezoom,,2228,2025-01-31 15:06:00'
1070136,660,Yombu,,118,2025-01-31 15:06:00'
3702292,661,Zoomdog,,2072,2025-01-31 15:06:00'
1685244,662,Eimbee,,888,2025-01-31 15:06:00'
4532200,666,Katz,,3632,2025-01-31 15:06:00'
7445018,667,Shufflebeat,,4714,2025-01-31 15:06:00'
7902573,668,Photospace,,4675,2025-01-31 15:06:00'
2576101,669,InnoZ,15766.62,,2025-01-31 15:06:00'
7679574,674,Riffpedia,,3077,2025-01-31 15:06:00'
9776772,675,Layo,13931.12,,2025-01-31 15:06:00'
2318297,681,Katz,,4595,2025-01-31 15:06:00'
1542559,682,Meejo,,3355,2025-01-31 15:06:00'
8160539,685,Reallinks,,1449,2025-01-31 15:06:00'
5855348,689,LiveZ,10834.42,,2025-01-31 15:06:00'
3557739,690,Quinu,,4047,2025-01-31 15:06:00'
4249114,693,Ainyx,,4555,2025-01-31 15:06:00'
5254266,699,Fliptune,,2093,2025-01-31 15:06:00'
5340013,700,Feedspan,,3858,2025-01-31 15:06:00'
9572836,701,Linklinks,,4035,2025-01-31 15:06:00'
1541464,705,Photobug,,2207,2025-01-31 15:06:00'
7343414,706,Edgeblab,24356.15,,2025-01-31 15:06:00'
5760482,707,Tambee,22575.21,,2025-01-31 15:06:00'
1110405,713,Oloo,,284,2025-01-31 15:06:00'
4080740,714,Livetube,,2467,2025-01-31 15:06:00'
6106267,715,Brainsphere,4918.56,,2025-01-31 15:06:00'
8075961,716,Jabbercube,,4692,2025-01-31 15:06:00'
7060714,717,Zoovu,13800.17,,2025-01-31 15:06:00'
7742858,718,Thoughtmix,,1171,2025-01-31 15:06:00'
1940905,721,Yakijo,,4301,2025-01-31 15:06:00'
9305346,724,Demivee,14469.65,,2025-01-31 15:06:00'
8536891,727,Eire,,3164,2025-01-31 15:06:00'
4018304,728,Skynoodle,14474.38,,2025-01-31 15:06:00'
9794197,729,Dabjam,,2276,2025-01-31 15:06:00'
5792083,730,Youfeed,,3139,2025-01-31 15:06:00'
8220035,734,Rhynyx,,2465,2025-01-31 15:06:00'
8003009,736,Agimba,17646.85,,2025-01-31 15:06:00'
3214232,740,Cogidoo,,1448,2025-01-31 15:06:00'
3244691,741,Yodel,,3329,2025-01-31 15:06:00'
5946067,742,Myworks,15910.17,,2025-01-31 15:06:00'
5915987,744,Devbug,,765,2025-01-31 15:06:00'
1134193,745,Skiba,,166,2025-01-31 15:06:00'
5577558,747,Buzzshare,,4813,2025-01-31 15:06:00'
5815967,749,Skyble,,323,2025-01-31 15:06:00'
5263293,755,Twinte,,1,2025-01-31 15:06:00'
9708601,756,Edgewire,,473,2025-01-31 15:06:00'
8228364,757,Livetube,16946.39,,2025-01-31 15:06:00'
4637041,761,Zoomdog,,2014,2025-01-31 15:06:00'
3805633,763,Cogibox,,4706,2025-01-31 15:06:00'
3192684,767,Photofeed,,756,2025-01-31 15:06:00'
4754001,768,Vimbo,,3608,2025-01-31 15:06:00'
4344084,769,Viva,,4147,2025-01-31 15:06:00'
8797652,770,Zoozzy,2762.69,,2025-01-31 15:06:00'
4791760,778,Edgetag,,978,2025-01-31 15:06:00'
1981532,779,Fivebridge,,227,2025-01-31 15:06:00'
5520367,783,Vinder,23663.25,,2025-01-31 15:06:00'
8188449,787,Skidoo,19358.35,,2025-01-31 15:06:00'
3466858,788,Fivebridge,,4081,2025-01-31 15:06:00'
5485140,789,Trilia,,518,2025-01-31 15:06:00'
5759704,791,Myworks,,4954,2025-01-31 15:06:00'
7746158,797,Browsedrive,,4645,2025-01-31 15:06:00'
9152166,799,Topicware,8409.01,,2025-01-31 15:06:00'
1322247,803,Linktype,,4768,2025-01-31 15:06:00'
3769134,805,Yabox,,4840,2025-01-31 15:06:00'
8040891,806,Gabtype,21165.48,,2025-01-31 15:06:00'
5219215,808,Quimba,,3892,2025-01-31 15:06:00'
8112108,810,Twitterbeat,,404,2025-01-31 15:06:00'
2305898,811,Meevee,,2941,2025-01-31 15:06:00'
2530520,814,Divavu,,201,2025-01-31 15:06:00'
2768974,815,Centidel,,4879,2025-01-31 15:06:00'
6614336,816,Bubblemix,,3479,2025-01-31 15:06:00'
2659961,820,Buzzdog,,2305,2025-01-31 15:06:00'
5953099,821,Npath,4587.44,,2025-01-31 15:06:00'
7331599,823,JumpXS,,690,2025-01-31 15:06:00'
3002527,824,Quaxo,,708,2025-01-31 15:06:00'
3399444,826,Zoomlounge,,787,2025-01-31 15:06:00'
4628268,829,Skyvu,,1126,2025-01-31 15:06:00'
1645900,831,Rhycero,,2606,2025-01-31 15:06:00'
7750115,837,Meezzy,,1782,2025-01-31 15:06:00'
5448765,841,Twiyo,,3817,2025-01-31 15:06:00'
9695779,842,Yotz,,929,2025-01-31 15:06:00'
5779905,844,Miboo,,2525,2025-01-31 15:06:00'
9626666,846,Flashdog,,1507,2025-01-31 15:06:00'
9298337,849,Gigazoom,8942.21,,2025-01-31 15:06:00'
6335044,850,Vitz,,924,2025-01-31 15:06:00'
5056361,852,Shuffletag,10174.63,,2025-01-31 15:06:00'
9221039,856,Oyonder,7339.67,,2025-01-31 15:06:00'
3978154,858,Babbleset,,941,2025-01-31 15:06:00'
6624870,860,Yadel,,1562,2025-01-31 15:06:00'
3322779,861,Jaxbean,15025.01,,2025-01-31 15:06:00'
4648997,865,Chatterpoint,,1182,2025-01-31 15:06:00'
1922639,867,Tazzy,,1402,2025-01-31 15:06:00'
5890563,869,Chatterbridge,,4596,2025-01-31 15:06:00'
6076766,870,Flipstorm,,2847,2025-01-31 15:06:00'
6571416,873,Quimba,,357,2025-01-31 15:06:00'
7886636,875,Blogtags,,3064,2025-01-31 15:06:00'
4856045,876,Aimbu,,2950,2025-01-31 15:06:00'
8244308,881,Tanoodle,23107,,2025-01-31 15:06:00'
8604960,884,Avamm,,2129,2025-01-31 15:06:00'
7450440,885,Quamba,,652,2025-01-31 15:06:00'
2775066,889,Zoomdog,,4298,2025-01-31 15:06:00'
6724888,891,Twinder,,2990,2025-01-31 15:06:00'
8672933,892,Gabcube,,2754,2025-01-31 15:06:00'
9919821,894,Kimia,13062.5,,2025-01-31 15:06:00'
5471854,899,Riffwire,22160.69,,2025-01-31 15:06:00'
8551669,902,Jabberstorm,387.31,,2025-01-31 15:06:00'
1197972,904,Ooba,,3593,2025-01-31 15:06:00'
8443983,905,Photospace,,677,2025-01-31 15:06:00'
5910214,906,Aimbu,7992.03,,2025-01-31 15:06:00'
8862227,909,Twimm,,1027,2025-01-31 15:06:00'
4749957,911,Mydo,,1215,2025-01-31 15:06:00'
9889906,912,Npath,,2297,2025-01-31 15:06:00'
7336984,914,Flipstorm,,3455,2025-01-31 15:06:00'
3685233,916,Demivee,18742.72,,2025-01-31 15:06:00'
4082316,917,Dabfeed,,4103,2025-01-31 15:06:00'
9378038,918,Eabox,14878.35,,2025-01-31 15:06:00'
2104252,921,Avavee,,276,2025-01-31 15:06:00'
6358458,924,Feedspan,5667.09,,2025-01-31 15:06:00'
1476291,926,Pixope,,3809,2025-01-31 15:06:00'
5803175,927,Oyoba,,3685,2025-01-31 15:06:00'
4113092,929,Quimba,,4025,2025-01-31 15:06:00'
1384510,931,Lajo,115.36,,2025-01-31 15:06:00'
6520595,934,Dazzlesphere,,2909,2025-01-31 15:06:00'
1400186,935,Nlounge,,2169,2025-01-31 15:06:00'
5359653,936,Rooxo,,1003,2025-01-31 15:06:00'
2842963,938,Kamba,,3386,2025-01-31 15:06:00'
6381047,940,Twimm,,623,2025-01-31 15:06:00'
5157969,941,Rhyzio,2290.65,,2025-01-31 15:06:00'
8568761,942,Linktype,13178.61,,2025-01-31 15:06:00'
9594742,946,Jetpulse,,3143,2025-01-31 15:06:00'
8406681,948,Viva,,3500,2025-01-31 15:06:00'
3285229,951,Browsebug,,2060,2025-01-31 15:06:00'
9453255,952,Oodoo,22530.5,,2025-01-31 15:06:00'
3669880,983,Miboo,22685.93,,2025-01-31 15:06:00'
3519773,988,Dabjam,10952.72,,2025-01-31 15:06:00'
8604714,989,Bluezoom,,1150,2025-01-31 15:06:00'
8524024,990,Skiba,,4650,2025-01-31 15:06:00'
9567271,991,Babbleopia,,1127,2025-01-31 15:06:00'
6117315,992,Youtags,,1056,2025-01-31 15:06:00'
9131300,993,Meetz,6856.41,,2025-01-31 15:06:00'
9684903,994,Bubblebox,,2260,2025-01-31 15:06:00'
5653621,995,Topicstorm,,779,2025-01-31 15:06:00'
5502616,996,Wordify,17926.07,,2025-01-31 15:06:00'
2609207,997,Topicstorm,,4381,2025-01-31 15:06:00'
8111382,999,Buzzbean,,909,2025-01-31 15:06:00'
6689934,1000,Feedmix,,2661,2025-01-31 15:06:00'
7653146,963,Meemm,,175,2025-01-31 15:06:00'
7484032,964,Kaymbo,,3756,2025-01-31 15:06:00'
4118295,965,Quinu,,4051,2025-01-31 15:06:00'
6083674,968,Youfeed,,15,2025-01-31 15:06:00'
2334372,969,Rhynoodle,,2067,2025-01-31 15:06:00'
4718436,973,Fatz,6804.68,,2025-01-31 15:06:00'
6717725,975,Janyx,5916.66,,2025-01-31 15:06:00'
8594346,976,Browsetype,,3614,2025-01-31 15:06:00'
3994620,977,Bubblemix,4153.6,,2025-01-31 15:06:00'
6469634,979,Trudeo,,591,2025-01-31 15:06:00'
5872359,981,Babblestorm,,615,2025-01-31 15:06:00'
6953293,982,Quatz,23194.19,,2025-01-31 15:06:00'
4648506,935,Miboo,15680.94,,2025-01-31 15:06:00'
5353858,936,Voolia,18153.74,,2025-01-31 15:06:00'
1556721,938,DabZ,,3382,2025-01-31 15:06:00'
5129844,940,Photobug,,2961,2025-01-31 15:06:00'
